grund	grund	grund
lokalen	lok+al+en	lokal+en
zuzufügen	zu+zu+füg+en	zu+zu+füg+en
reihen	reih+en	reih+en
ländern	länd+er+n	länd+er+n
lebte	leb+t+e	lebte
wirtschaftszweig	wirt+schaft+s+zweig	wirt+schaft+s+zweig
sicherzustellen	s+ich+er+zu+st+ell+en	sicher+zu+stell+en
abend	abend	abend
zum	zu+m	zum
draussen	dr+auss+en	dr+aus+s+en
irgendwann	irgend+wann	irgend+wann
informationen	in+forma+tion+en	inform+ation+en
nein	n+ein	nein
gefecht	ge+fech+t	ge+fecht
einschließen	ein+schließ+en	ein+schließ+en
götter	gött+er	gött+er
ihr	ihr	ihr
lauschten	lausch+t+en	lauscht+en
war	w+ar	war
tagesordnung	tag+e+s+ord+n+ung	tag+es+ordn+ung
leid	leid	leid
pferde	pferd+e	pferd+e
gut	gut	gut
tor	tor	tor
ach	ach	ach
sieh	sieh	sieh
etwas	et+was	etwas
hoheitsgebiet	hoh+eit+s+ge+biet	ho+heit+s+gebiet
mein	m+ein	mein
nachstehender	nach+st+e+he+nd+er	nach+stehend+er
schreck	schreck	schreck
handy	hand+y	handy
wieder	wied+er	wieder
kann	kann	kann
liegt	lieg+t	liegt
raus	r+aus	raus
jungs	jung+s	jungs
sturm	sturm	sturm
isabella	isabella	isabella
solche	so+lch+e	solche
gott	gott	gott
wochenende	woch+en+end+e	woche+nende
damit	da+mit	da+mit
angegriffen	an+ge+griff+en	angegriffen
ergab	er+gab	er+gab
kommen	komm+en	komm+en
warte	wart+e	war+t+e
wie	w+ie	wie
bip	bip	bip
wird	wird	wird
wahrscheinlich	wahr+schein+lich	wahrscheinlich
brief	brief	brief
stadt	st+adt	stadt
sowas	so+w+as	so+was
bis	bi+s	bis
leider	leid+er	leider
welche	w+elch+e	welche
hey	hey	hey
zukunft	zu+kunft	zu+kunft
ziehen	zieh+en	zieh+en
ende	end+e	ende
die	d+ie	die
leben	leb+en	leb+en
sagen	sag+en	sag+en
gewachsen	ge+wach+s+en	ge+wachs+en
verstärkung	ver+stärk+ung	ver+stärk+ung
räusperte	räusper+t+e	räuspert+e
frau	frau	frau
mutter	mutt+er	mutter
gerade	ge+rade	gerade
meine	m+ein+e	mein+e
daneben	da+neben	da+neben
bunker	bunk+er	bunk+er
welt	welt	welt
bestimmte	be+stimm+t+e	bestimmte
geküßt	ge+küß+t	ge+küßt
abkommen	ab+komm+en	ab+komm+en
wütend	wüt+en+d	wütend
weh	weh	weh
grenzen	grenz+en	grenz+en
nacht	nacht	nacht
sterben	sterb+en	sterb+en
blau	blau	blau
schaffen	schaff+en	schaff+en
zuerst	zu+erst	zu+erst
wofür	wo+für	wo+für
einheit	ein+heit	ein+heit
sieht	sieh+t	sieh+t
ging	ging	ging
wollen	woll+en	woll+en
fügte	füg+t+e	fügte
komm	komm	komm
werde	werd+e	werd+e
gewisser	ge+wiss+er	ge+wiss+er
kind	kind	kind
inspektor	in+spek+t+or	inspekt+or
gesagt	ge+sag+t	gesagt
leichnam	leich+nam	leichn+am
wohnzimmer	wohn+zimm+er	wohn+zimmer
angesichts	an+ge+sich+t+s	angesichts
schob	schob	schob
wollte	woll+t+e	wollt+e
wissen	wiss+en	wiss+en
bedingungen	be+ding+ung+en	be+ding+ung+en
familien	famil+i+en	famili+en
niemanden	nie+man+d+en	niemand+en
einheitliche	ein+heit+lich+e	ein+heit+liche
mal	mal	mal
ersichtlich	er+sicht+lich	er+sich+tlich
dies	d+ie+s	dies
nennen	nenn+en	nenn+en
gehört	ge+hör+t	gehört
großen	groß+en	groß+en
je	je	je
ohne	ohne	ohne
soweit	so+weit	so+weit
betreffend	be+treff+e+nd	betreffend
vorwerfen	vor+werf+en	vor+werf+en
unterlagen	unter+lag+en	unter+lag+en
schwarz	schwarz	schwarz
sich	s+ich	sich
völkerrechts	völk+er+recht+s	völker+recht+s
möchte	möch+t+e	möchte
klagen	klag+en	klag+en
insbesondere	in+s+be+sonder+e	insbesondere
mr.	mr.	mr+.
einst	ein+st	einst
gelesen	ge+les+en	ge+lesen
am	a+m	am
jenen	jen+en	jen+en
offiziell	offizi+ell	offizi+ell
pilze	pilz+e	pilz+e
diskussionen	diskussion+en	diskuss+ion+en
mitglieder	mit+glied+er	mit+glied+er
großem	groß+em	großem
ob	ob	ob
deine	d+ein+e	dein+e
geht	geh+t	geht
lange	lang+e	lange
riskieren	risk+i+er+en	risk+ier+en
hat	ha+t	hat
explodiert	ex+plod+ier+t	explodiert
schönheit	schön+heit	schön+heit
allen	all+e+n	all+en
streben	streb+en	streb+en
erforderlich	er+ford+er+lich	er+forder+lich
gesiegt	ge+sieg+t	gesiegt
regionalen	region+al+en	reg+ion+al+en
stellen	st+ell+en	stell+en
weg	weg	weg
okay	okay	okay
schuldig	schuld+ig	schuld+ig
uns	uns	uns
jung	jung	jung
her	h+er	her
stand	sta+nd	stand
diese	d+ie+s+e	dies+e
schlecht	schlecht	schlecht
kollegen	kolleg+en	kol+leg+en
china	china	china
denn	d+enn	denn
ihre	ihr+e	ihr+e
arbeitet	arbeit+e+t	arbeitet
los	los	los
erstenmal	erst+en+mal	erst+en+mal
unschuldig	un+schuld+ig	un+schuld+ig
bestehen	be+st+eh+en	be+steh+en
übernahme	über+nahm+e	über+nahm+e
beide	bei+d+e	beide
ansprüche	an+sprüch+e	an+sprüch+e
mitgemacht	mit+ge+mach+t	mitgemacht
kooperation	ko+oper+a+tion	kooper+ation
gewisse	ge+wiss+e	ge+wisse
existieren	exist+i+er+en	exist+ier+en
zwischen	zwis+chen	zwischen
felix	fel+ix	felix
ausgezahlt	aus+ge+zahl+t	ausgezahlt
heftig	heft+ig	heftig
war's	w+ar'+s	war's
anderen	an+der+en	ander+en
festgesetzt	fest+ge+setz+t	fest+gesetzt
davon	da+von	da+von
gibt	gib+t	gibt
preis	preis	preis
legen	leg+en	leg+en
muss	muss	muss
gerichtshof	ge+richt+s+hof	ge+richt+s+hof
unten	unten	unten
mann	mann	mann
weißt	weiß+t	weißt
