位伪渭尾维谓慰谓蟿伪喂	位伪渭尾维谓+慰谓蟿伪喂	位伪渭尾维谓+慰谓蟿伪喂
蟺蟻喂谓	蟺蟻喂谓	蟺蟻+喂谓
蟺蟻蠅蟿慰尾慰蠀位委伪	蟺蟻蠅蟿+慰+尾慰蠀位+委伪	蟺蟻蠅蟿慰尾慰蠀位委+伪
未喂维蟽魏蔚蠄畏	未喂维+蟽魏蔚蠄畏	未喂维蟽魏蔚蠄+畏
未蔚蠉蟿蔚蟻慰	未蔚蠉蟿蔚蟻+慰	未蔚蠉蟿蔚蟻+慰
蟿喂蟼	蟿喂蟼	蟿喂蟼
蟺慰蠀	蟺慰蠀	蟺慰蠀
委未蟻蠀渭伪	委未蟻蠀+渭伪	委未蟻蠀+渭+伪
蔚未蠋	蔚未蠋	蔚未+蠋
蟺苇蟻蠀蟽喂	蟺苇蟻蠀蟽喂	蟺苇蟻蠀蟽+喂
慰蟻喂蟽渭慰蠉	慰蟻喂蟽渭+慰蠉	慰蟻喂蟽渭+慰蠉
未萎位蠅蟽畏	未萎位+蠅蟽畏	未萎位蠅+蟽+畏
蔚尉伪喂蟻苇蟽蔚喂蟼	蔚尉+伪喂蟻苇蟽+蔚喂蟼	蔚尉+伪喂蟻苇蟽+蔚喂蟼
蟽蠀谓蔚蟺蠋蟼	蟽蠀谓+蔚蟺+蠋蟼	蟽蠀谓蔚蟺+蠋蟼
蠈蟻纬伪谓伪	蠈蟻纬伪谓+伪	蠈蟻纬伪谓+伪
蟿蠋蟻伪	蟿蠋蟻伪	蟿蠋蟻+伪
蔚谓蠋	蔚谓蠋	蔚谓+蠋
蟽魏位畏蟻蠈	蟽魏位畏蟻+蠈	蟽魏位畏蟻+蠈
未蠀谓维渭蔚喂蟼	未蠀谓维渭蔚喂+蟼	未蠀谓维渭+蔚喂蟼
蔚喂蟻畏谓蔚蠀蟿喂魏萎	蔚喂蟻畏谓蔚蠀蟿+喂魏+萎	蔚喂蟻畏谓蔚蠀+蟿喂魏+萎
谓慰渭委味蠅	谓慰渭+委味+蠅	谓慰渭+委味+蠅
蟽伪蟼	蟽伪蟼	蟽伪蟼
蟽蠀渭渭维蠂慰蠀蟼	蟽蠀渭+渭维蠂+慰蠀蟼	蟽蠀渭渭维蠂+慰蠀蟼
蟺蔚蟻喂蟽蟽蠈蟿蔚蟻慰	蟺蔚蟻喂蟽蟽+蠈蟿蔚蟻+慰	蟺蔚蟻喂蟽蟽蠈蟿蔚蟻+慰
伪魏蠈渭畏	伪魏蠈渭畏	伪魏蠈渭+畏
魏维蟿蠅	魏维蟿蠅	魏维蟿+蠅
苇蠂慰蠀渭蔚	苇蠂+慰蠀渭蔚	苇蠂+慰蠀渭蔚
蔚位蔚蠉胃蔚蟻畏	蔚位蔚蠉胃蔚蟻+畏	蔚位蔚蠉胃蔚蟻+畏
魏蠀蟻委伪	魏蠀蟻委+伪	魏蠀蟻委+伪
胃苇蟽蟺喂蟽畏	胃苇蟽蟺+喂蟽畏	胃苇蟽蟺喂+蟽+畏
蟺蟿蠀蠂苇蟼	蟺蟿蠀蠂+苇蟼	蟺蟿蠀蠂+苇蟼
蟽畏渭伪谓蟿喂魏蠈	蟽畏渭伪谓蟿+喂魏+蠈	蟽畏渭伪谓+蟿喂魏+蠈
蟿伪蟽蟽蠈渭伪蟽蟿蔚	蟿伪蟽蟽+蠈渭伪蟽蟿蔚	蟿伪蟽蟽+蠈渭伪蟽蟿蔚
蔚蟺委蟿蔚蠀尉畏	蔚蟺委+蟿蔚蠀尉畏	蔚蟺委蟿蔚蠀+尉+畏
魏伪谓慰谓喂蟽渭慰蠉蟼	魏伪谓慰谓+喂蟽渭+慰蠉蟼	魏伪谓慰谓喂蟽渭+慰蠉蟼
蟽蠉蟽蟿畏渭伪	蟽蠉+蟽蟿畏+渭伪	蟽蠉蟽蟿畏+渭+伪
蟽蟿伪胃蔚蟻蠈蟿畏蟿伪蟼	蟽蟿伪胃蔚蟻+蠈蟿畏蟿伪+蟼	蟽蟿伪胃蔚蟻蠈蟿畏蟿+伪蟼
蠀蟺慰位慰纬委蟽慰蠀渭蔚	蠀蟺慰+位慰纬委蟽+慰蠀渭蔚	蠀蟺慰位慰纬委蟽+慰蠀渭蔚
谓畏蟽委	谓畏蟽+委	谓畏蟽+委
蔚蟺蠈渭蔚谓慰	蔚蟺+蠈渭蔚谓+慰	蔚蟺蠈渭蔚谓+慰
蔚谓畏渭苇蟻蠅蟽畏	蔚谓+畏渭苇蟻+蠅蟽+畏	蔚谓+畏渭苇蟻蠅+蟽+畏
魏慰蟻蠀蠁萎蟼	魏慰蟻蠀蠁萎+蟼	魏慰蟻蠀蠁+萎蟼
蟿喂渭慰蠉渭蔚	蟿喂渭+慰蠉渭蔚	蟿喂渭+慰蠉渭蔚
蔚蠀胃苇蠅蟼	蔚蠀胃苇+蠅蟼	蔚蠀胃苇蠅蟼
蔚蠀蟻蠅尾慰蠀位蔚蠀蟿萎蟼	蔚蠀蟻蠅+尾慰蠀位蔚蠀+蟿萎蟼	蔚蠀蟻蠅尾慰蠀位蔚蠀+蟿+萎蟼
蠋蟽蟿蔚	蠋蟽蟿蔚	蠋蟽蟿蔚
未喂维蟽蟿伪蟽畏	未喂维+蟽蟿伪蟽畏	未喂维蟽蟿伪+蟽+畏
蠀蟺慰谓慰渭蔚蠉慰谓蟿伪喂	蠀蟺慰+谓慰渭蔚蠉+慰谓蟿伪喂	蠀蟺慰+谓慰渭蔚蠉+慰谓蟿伪喂
伪喂蟿萎渭伪蟿维	伪喂蟿萎渭伪蟿+维	伪喂蟿萎渭伪蟿+维
未委魏蟿蠀伪	未委魏蟿蠀+伪	未委魏蟿蠀+伪
蔚蟺蔚蟽萎渭伪谓伪谓	蔚蟺蔚+蟽萎渭伪谓+伪谓	蔚蟺蔚蟽萎渭伪谓+伪谓
伪谓伪魏慰委谓蠅蟽畏	伪谓伪+魏慰委谓+蠅蟽畏	伪谓伪+魏慰委谓蠅+蟽+畏
蟺蠅	蟺蠅	蟺+蠅
伪蟺慰蠁蠉纬蔚喂	伪蟺慰+蠁蠉纬+蔚喂	伪蟺慰蠁蠉纬+蔚喂
魏伪蟿苇蠂慰蠀谓	魏伪蟿+苇蠂+慰蠀谓	魏伪蟿苇蠂+慰蠀谓
蠁慰蟻慰位慰纬喂魏苇蟼	蠁慰蟻+慰+位慰纬+喂魏+苇蟼	蠁慰蟻慰位慰纬喂魏+苇蟼
伪蠀蟿萎	伪蠀蟿萎	伪蠀蟿萎
蟺慰位蠅谓慰蠉蟼	蟺慰位蠅谓+慰蠉蟼	蟺慰位蠅谓+慰蠉蟼
蟺蟻慰蟽蟺维胃畏蟽蔚	蟺蟻慰蟽+蟺维胃+畏蟽蔚	蟺蟻慰蟽蟺维胃畏蟽蔚
蔚蠀胃蠉谓蔚蟼	蔚蠀胃蠉谓+蔚蟼	蔚蠀胃蠉谓+蔚蟼
伪谓蟿喂胃苇蟿蠅蟼	伪谓蟿喂+胃苇蟿+蠅蟼	伪谓蟿喂胃苇蟿+蠅蟼
魏维蟺蠅蟼	魏维蟺+蠅蟼	魏维蟺+蠅蟼
未喂伪魏蟻委蟽蔚喂蟼	未喂伪+魏蟻委蟽+蔚喂蟼	未喂伪魏蟻委蟽+蔚喂蟼
蔚蟺喂蟺位苇慰谓	蔚蟺喂+蟺位苇慰谓	蔚蟺喂蟺位苇+慰谓
伪蟺慰蠁维蟽蔚喂蟼	伪蟺慰+蠁维蟽蔚喂+蟼	伪蟺慰蠁维蟽+蔚喂蟼
魏维胃蔚	魏维胃蔚	魏维胃+蔚
蠄苇渭伪蟿伪	蠄苇渭伪蟿+伪	蠄苇渭+伪蟿伪
蟽蠀谓蔚魏蟿喂魏萎	蟽蠀谓+蔚魏蟿+喂魏+萎	蟽蠀谓蔚魏+蟿喂魏+萎
蔚尉蔚蟿维味慰蠀渭蔚	蔚尉+蔚蟿维味+慰蠀渭蔚	蔚尉+蔚蟿维味+慰蠀渭蔚
蔚谓苇蟻纬蔚喂伪蟼	蔚谓+苇蟻纬蔚喂伪+蟼	蔚谓+苇蟻纬蔚喂+伪蟼
蟿蟻伪蟺苇味喂	蟿蟻伪蟺苇味喂	蟿蟻伪蟺苇味+喂
蔚蟺喂蟿蟻苇蠄慰蠀渭蔚	蔚蟺喂+蟿蟻苇蠄+慰蠀渭蔚	蔚蟺喂蟿蟻苇蠄+慰蠀渭蔚
尾萎渭伪	尾萎渭伪	尾萎渭+伪
魏慰喂谓慰尾慰蠉位喂慰	魏慰喂谓+慰+尾慰蠉位+喂慰	魏慰喂谓慰尾慰蠉位喂+慰
伪谓伪位慰纬喂魏蠈蟿畏蟿伪蟼	伪谓伪+位慰纬+喂魏+蠈蟿畏蟿伪+蟼	伪谓伪位慰纬喂魏蠈蟿畏蟿+伪蟼
谓蠈渭慰	谓蠈渭+慰	谓蠈渭+慰
蔚谓蟿蠈蟼	蔚谓蟿蠈蟼	蔚谓+蟿+蠈蟼
蔚蟿伪喂蟻喂蠋谓	蔚蟿伪喂蟻喂+蠋谓	蔚蟿伪喂蟻+喂+蠋谓
蟽畏渭蔚喂蠋胃畏魏蔚	蟽畏渭蔚喂蠋+胃畏+魏蔚	蟽畏渭蔚喂蠋胃+畏魏蔚
蟽魏慰蟺蠈	蟽魏慰蟺+蠈	蟽魏慰蟺+蠈
蟺蟻慰蔚喂未慰蟺慰委畏蟽畏蟼	蟺蟻慰+蔚喂未+慰+蟺慰委+畏蟽畏+蟼	蟺蟻慰+蔚喂未慰蟺慰委畏蟽+畏蟼
魏蔚蠁维位伪喂伪	魏蔚蠁维位伪喂+伪	魏蔚蠁维位+伪喂+伪
蟿蔚蟻维蟽蟿喂伪	蟿蔚蟻维蟽蟿喂+伪	蟿蔚蟻维蟽蟿喂+伪
纬蔚纬慰谓蠈蟼	纬蔚纬慰谓蠈蟼	纬蔚纬慰谓+蠈蟼
伪蠆蟿萎蟼	伪蠆蟿萎+蟼	伪蠆蟿+萎蟼
未喂维蟽蟿畏渭伪	未喂维+蟽蟿畏渭伪	未喂维蟽蟿畏+渭+伪
魏慰喂谓慰蠉	魏慰喂谓+慰蠉	魏慰喂谓+慰蠉
蟺位畏蟻慰蠁蠈蟻畏蟽畏蟼	蟺位畏蟻+慰+蠁蠈蟻+畏蟽畏+蟼	蟺位畏蟻慰蠁蠈蟻畏蟽+畏蟼
纬喂'	纬喂'	纬喂+'
伪谓蟿喂渭蔚蟿蠅蟺委味慰蠀渭蔚	伪谓蟿喂+渭蔚蟿蠅蟺+委味+慰蠀渭蔚	伪谓蟿喂+渭蔚蟿蠅蟺委味+慰蠀渭蔚
蟽蠀渭渭蠈蟻蠁蠅蟽畏	蟽蠀渭+渭蠈蟻蠁+蠅蟽畏	蟽蠀渭渭蠈蟻蠁蠅+蟽+畏
蟺蟻慰蟽蠀蟺慰纬蟻维蠁蠅	蟺蟻慰蟽+蠀蟺慰+纬蟻维蠁+蠅	蟺蟻慰蟽蠀蟺慰纬蟻维蠁+蠅
伪尉委蔚蟼	伪尉委+蔚蟼	伪尉委+蔚蟼
蟺伪蟻维	蟺伪蟻维	蟺伪蟻+维
苇魏胃蔚蟽畏蟼	苇魏+胃蔚蟽畏+蟼	苇魏+胃蔚蟽+畏蟼
苇魏胃蔚蟽畏	苇魏+胃蔚蟽畏	苇魏+胃蔚+蟽+畏
伪蠀蟿蠋谓	伪蠀蟿+蠋谓	伪蠀蟿+蠋谓
蔚谓委蟽蠂蠀蟽畏蟼	蔚谓+委蟽蠂蠀蟽畏+蟼	蔚谓+委蟽蠂蠀蟽+畏蟼
伪谓慰喂魏蟿慰蠉	伪谓慰喂魏蟿+慰蠉	伪谓慰喂魏蟿+慰蠉
蔚蟺喂蟺蟿蠋蟽蔚喂蟼	蔚蟺喂+蟺蟿蠋蟽蔚喂+蟼	蔚蟺喂蟺蟿蠋蟽+蔚喂蟼
委未喂慰喂	委未喂+慰喂	委未喂+慰喂
蔚蟺蔚魏蟿伪胃蔚委	蔚蟺蔚+魏蟿伪+胃蔚委	蔚蟺蔚魏蟿伪胃+蔚委
渭畏谓	渭畏谓	渭畏谓
蟽畏渭伪蟽委伪	蟽畏渭伪蟽+委伪	蟽畏渭伪+蟽委+伪
蟽蔚蟺蟿苇渭尾蟻喂慰	蟽蔚蟺蟿苇渭尾蟻喂+慰	蟽蔚蟺蟿苇渭尾蟻喂+慰
魏慰喂谓蠅谓喂魏蠋谓	魏慰喂谓蠅谓+喂魏+蠋谓	魏慰喂谓蠅谓喂魏+蠋谓
慰渭维未伪	慰渭维未伪	慰渭维未+伪
伪纬慰蟻维蟼	伪纬慰蟻维+蟼	伪纬慰蟻+维蟼
纬畏	纬畏	纬畏
伪蠀蟿萎谓	伪蠀蟿萎+谓	伪蠀蟿萎谓
纬蔚蠅蟻纬委伪	纬蔚+蠅蟻纬+委伪	纬蔚蠅蟻纬+委+伪
苇谓蠅蟽畏	苇谓+蠅蟽畏	苇谓蠅蟽+畏
伪蟿味苇谓蟿伪蟼	伪蟿味苇谓蟿伪+蟼	伪蟿味+苇谓蟿+伪蟼
蟽蟿蠈蠂慰	蟽蟿蠈蠂+慰	蟽蟿蠈蠂+慰
蟺蟻慰蠆蠈谓蟿伪	蟺蟻慰蠆蠈谓蟿+伪	蟺蟻慰蠆+蠈谓蟿伪
蔚尾未慰渭维未蔚蟼	蔚尾未慰渭维未+蔚蟼	蔚尾未慰渭维+未蔚蟼
伪蠉尉畏蟽畏蟼	伪蠉尉畏+蟽畏+蟼	伪蠉尉畏蟽+畏蟼
蔚蟺喂胃蠀渭慰蠉谓	蔚蟺喂+胃蠀渭+慰蠉谓	蔚蟺喂胃蠀渭+慰蠉谓
-蟺慰蠀	-蟺慰蠀	-蟺+慰蠀
渭喂伪蟼	渭喂伪+蟼	渭喂伪蟼
魏伪蟿伪尾维位慰蠀渭蔚	魏伪蟿伪+尾维位+慰蠀渭蔚	魏伪蟿伪尾维位+慰蠀渭蔚
蟺伪纬魏蠈蟽渭喂伪蟼	蟺伪纬+魏蠈蟽渭+喂伪+蟼	蟺伪纬魏蠈蟽渭喂+伪蟼
纬谓蠅蟻委味蔚蟿蔚	纬谓蠅蟻+委味+蔚蟿蔚	纬谓蠅蟻委味+蔚蟿蔚
渭蔚蟿伪蠁苇蟻蠅	渭蔚蟿伪+蠁苇蟻+蠅	渭蔚蟿伪+蠁苇蟻+蠅
蔚蟺喂蟿伪魏蟿喂魏维	蔚蟺喂+蟿伪魏蟿+喂魏+维	蔚蟺喂蟿伪魏蟿喂魏+维
蔚谓伪谓蟿委慰谓	蔚谓+伪谓蟿委+慰谓	蔚谓+伪谓蟿委+慰谓
蔚蟻纬伪蟽委伪蟼	蔚蟻纬伪蟽委伪+蟼	蔚蟻纬伪蟽委+伪蟼
伪谓蟿喂蟽蟿慰委蠂蠅蟼	伪谓蟿喂+蟽蟿慰委蠂+蠅蟼	伪谓蟿喂蟽蟿慰委蠂蠅蟼
蟿蟻委蟿畏	蟿蟻委蟿畏	蟿蟻委蟿+畏
喂未伪谓喂魏萎	喂未伪谓+喂魏+萎	喂未伪谓+喂魏+萎
蟺慰位苇渭慰蠀蟼	蟺慰位苇渭+慰蠀蟼	蟺慰位苇渭+慰蠀蟼
苇未蟻伪蟼	苇未蟻伪+蟼	苇未蟻+伪蟼
谓慰渭慰胃蔚蟿喂魏萎蟼	谓慰渭慰胃蔚蟿+喂魏萎+蟼	谓慰渭慰胃蔚蟿喂魏+萎蟼
伪谓伪位维尾伪蟿蔚	伪谓伪+位维尾+伪蟿蔚	伪谓伪位维尾+伪蟿蔚
蔚蟺喂蟽畏渭维谓伪蟿蔚	蔚蟺喂+蟽畏渭+维谓+伪蟿蔚	蔚蟺喂蟽畏渭维谓+伪蟿蔚
渭苇蠂蟻喂	渭苇蠂蟻喂	渭苇蠂蟻喂
蔚蟺慰渭苇谓蠅蟼	蔚蟺+慰渭苇谓+蠅蟼	蔚蟺慰渭+苇谓+蠅蟼
蟺慰蔚	蟺慰蔚	蟺慰蔚
渭蟺慰蟻慰蠉渭蔚	渭蟺慰蟻+慰蠉渭蔚	渭蟺慰蟻+慰蠉渭蔚
伪谓蟿伪纬蠅谓喂蟽渭慰蠉	伪谓蟿+伪纬蠅谓+喂蟽渭+慰蠉	伪谓蟿伪纬蠅谓喂蟽渭+慰蠉
蟺蟻慰蟽胃苇蟿慰蠀谓	蟺蟻慰蟽+胃苇蟿+慰蠀谓	蟺蟻慰蟽胃苇蟿+慰蠀谓
位萎蠄畏	位萎蠄畏	位萎蠄+畏
蟽蠀谓蔚未蟻委伪蟽畏	蟽蠀谓+蔚未蟻+委伪蟽畏	蟽蠀谓蔚未蟻委伪+蟽+畏
蟽蠀味萎蟿畏蟽畏	蟽蠀+味萎蟿+畏蟽畏	蟽蠀味萎蟿畏+蟽+畏
魏蟻维蟿畏	魏蟻维蟿+畏	魏蟻维蟿+畏
伪蟺位慰蠉蟼	伪蟺位+慰蠉蟼	伪蟺位+慰蠉蟼
伪蟺位蠋蟼	伪蟺位+蠋蟼	伪蟺位+蠋蟼
蠀蟺蔚蟻未谓蔚喂蟽蟿蔚蟻委伪蟼	蠀蟺蔚蟻+未谓蔚喂蟽蟿蔚蟻+委伪+蟼	蠀蟺蔚蟻+未谓蔚喂蟽蟿蔚蟻委+伪蟼
蟽蠀渭尾慰蠉位喂慰	蟽蠀渭+尾慰蠉位+喂慰	蟽蠀渭尾慰蠉位喂+慰
魏蠉蟻喂伪	魏蠉蟻喂+伪	魏蠉蟻喂+伪
蠀蟺维位位畏位慰喂	蠀蟺+维位位畏位+慰喂	蠀蟺维位位畏位+慰喂
未喂蔚胃谓萎	未喂+蔚胃谓+萎	未喂蔚胃谓+萎
苇未蔚喂尉蔚	苇+未蔚喂尉+蔚	苇未蔚喂尉+蔚
魏伪渭委伪	魏伪渭委伪	魏伪渭委+伪
蠀蟺慰蟽蟿萎蟻喂尉畏	蠀蟺慰+蟽蟿萎蟻喂尉+畏	蠀蟺慰蟽蟿萎蟻喂+尉+畏
蔚纬魏蟻喂胃蔚委	蔚纬+魏蟻喂+胃蔚委	蔚纬魏蟻喂胃+蔚委
谓苇蔚蟼	谓苇+蔚蟼	谓苇+蔚蟼
蠀蟺畏蟻蔚蟽委伪	蠀蟺+畏蟻蔚蟽+委伪	蠀蟺畏蟻蔚蟽委+伪
蟿苇蟿伪蟻蟿慰	蟿苇蟿伪蟻蟿+慰	蟿苇蟿伪蟻蟿+慰
蟿蟻蠈蟺慰	蟿蟻蠈蟺+慰	蟿蟻蠈蟺+慰
蟺伪蟻慰蠉蟽伪	蟺伪蟻+慰蠉蟽伪	蟺伪蟻+慰蠉蟽伪
苇魏魏位畏蟽畏	苇魏+魏位畏+蟽畏	苇魏+魏位畏+蟽+畏
伪谓伪蟺蟿蠀蠂胃蔚委	伪谓伪+蟺蟿蠀蠂+胃蔚委	伪谓伪蟺蟿蠀蠂胃+蔚委
魏伪胃蠋蟼	魏伪胃+蠋蟼	魏伪胃+蠋蟼
魏伪魏苇蟼	魏伪魏+苇蟼	魏伪魏+苇蟼
渭蔚蟿伪谓伪蟽蟿蠋谓	渭蔚蟿伪+谓伪蟽蟿+蠋谓	渭蔚蟿伪谓伪蟽蟿+蠋谓
蟿伪魏蟿喂魏萎	蟿伪魏蟿+喂魏+萎	蟿伪魏+蟿喂魏+萎
喂蟿伪位委伪蟼	喂蟿伪位委伪+蟼	喂蟿伪位委+伪蟼
蟿蟻慰渭慰魏蟻伪蟿委伪蟼	蟿蟻慰渭+慰+魏蟻伪蟿+委伪+蟼	蟿蟻慰渭慰魏蟻伪蟿委+伪蟼
伪蠀蟿慰魏喂谓萎蟿蠅谓	伪蠀蟿慰+魏喂谓萎蟿+蠅谓	伪蠀蟿慰+魏喂谓萎蟿+蠅谓
蔚尉蠅蟿蔚蟻喂魏萎蟼	蔚尉+蠅蟿蔚蟻+喂魏萎+蟼	蔚尉+蠅蟿蔚蟻+喂魏+萎蟼
蔚位蟺委味蠅	蔚位蟺+委味+蠅	蔚位蟺+委味+蠅
伪位位伪纬苇蟼	伪位位伪纬+苇蟼	伪位位伪纬苇蟼
伪蟺蠈未蔚喂尉畏	伪蟺蠈+未蔚喂尉+畏	伪蟺蠈未蔚喂+尉+畏
渭伪胃萎渭伪蟿伪	渭伪胃萎渭伪蟿+伪	渭伪胃萎渭+伪蟿伪
尾伪蟽委味蔚蟿伪喂	尾伪蟽+委味+蔚蟿伪喂	尾伪蟽委味+蔚蟿伪喂
蟽蠀谓苇蠂蔚喂伪	蟽蠀谓+苇蠂+蔚喂伪	蟽蠀谓苇蠂+蔚喂+伪
蠈位蠅谓	蠈位+蠅谓	蠈位+蠅谓
味畏蟿萎渭伪蟿伪	味畏蟿萎渭伪蟿+伪	味畏蟿萎渭伪蟿伪
蟺位苇慰谓	蟺位苇慰谓	蟺位苇+慰谓
伪谓伪蠁苇蟻蔚蟿伪喂	伪谓伪+蠁苇蟻+蔚蟿伪喂	伪谓伪蠁苇蟻+蔚蟿伪喂
未喂蠈蟿喂	未喂蠈蟿喂	未喂蠈蟿+喂
伪蟺苇蠂慰蠀渭蔚	伪蟺+苇蠂+慰蠀渭蔚	伪蟺苇蠂+慰蠀渭蔚
蔚谓蠋蟽蔚喂蟼	蔚谓+蠋蟽+蔚喂蟼	蔚谓+蠋蟽+蔚喂蟼
位蠈纬慰蠀蟼	位蠈纬+慰蠀蟼	位蠈纬+慰蠀蟼
未蟻维蟽蔚喂蟼	未蟻维蟽+蔚喂蟼	未蟻维蟽+蔚喂蟼
蟽蠀渭渭蔚蟿蔚委蠂蔚	蟽蠀渭+渭蔚蟿+蔚委蠂+蔚	蟽蠀渭渭蔚蟿+蔚委蠂+蔚
蠁蟿蠋蠂蔚喂伪蟼	蠁蟿蠋蠂+蔚喂伪+蟼	蠁蟿蠋蠂蔚喂+伪蟼
苇谓伪	苇谓伪	苇谓+伪
蔚尉蔚蠉蟻慰蠀渭蔚	蔚尉+蔚蠉蟻+慰蠀渭蔚	蔚尉+蔚蠉蟻+慰蠀渭蔚
蟺蔚蟻喂位伪渭尾伪谓慰渭苇谓畏蟼	蟺蔚蟻喂+位伪渭尾伪谓+慰渭苇谓+畏蟼	蟺蔚蟻喂位伪渭尾伪谓慰渭苇谓+畏蟼
渭慰蟻蠁萎	渭慰蟻蠁萎	渭慰蟻蠁+萎
蟺蟻慰蟽蔚魏蟿喂魏维	蟺蟻慰蟽+蔚魏+蟿喂+魏维	蟺蟻慰蟽蔚魏蟿喂魏+维
维魏蟻蠅蟼	维魏蟻+蠅蟼	维魏蟻+蠅蟼
渭苇蟽蠅	渭苇蟽+蠅	渭苇蟽+蠅
未喂伪魏蠀渭维谓蟽蔚喂蟼	未喂伪+魏蠀渭维谓+蟽蔚喂蟼	未喂伪魏蠀渭维谓蟽+蔚喂蟼
