radio	radio	radio
re	re	re
so	so	so
detective	detect+ive	detect+ive
ringing	ring+ing	ringing
toss	toss	toss
saw	saw	saw
happened	happen+ed	happen+ed
had	had	had
cannot	can+not	can+not
never	n+ever	never
did	did	did
dinner	dinner	dinner
say	say	say
agree	agree	agree
because	be+cause	because
shifts	shift+s	shift+s
name	name	name
mary	mary	mary
carson	carson	car+son
before	before	before
shall	shall	shall
wake	wake	wake
handled	handl+ed	handle+d
stand	stand	stand
years	year+s	year+s
only	only	only
tip	tip	tip
offence	offen+ce	offence
wanna	wann+a	wanna
sure	sure	sure
cover	cover	cover
uh…	uh…	uh+…
reciprocity	reciproc+ity	reciproc+ity
snow	snow	snow
ballad	ballad	ballad
ooh	ooh	ooh
treating	treat+ing	treat+ing
trapped	trapp+ed	trapp+ed
let	let	let
single	single	single
call	call	call
murder	murder	murder
fact	fact	fact
be	be	be
do	do	do
as	as	as
barriers	barrier+s	barrier+s
hurrying	hurry+ing	hurry+ing
moved	mov+ed	move+d
ran	ran	ran
donny	donn+y	donny
doing	do+ing	do+ing
told	told	told
werewolves	were+wolv+es	werewolv+es
chunk	chunk	chunk
servant	serv+ant	serv+ant
boring	bor+ing	bor+ing
okay	okay	okay
accident	accident	accident
figure	figure	figure
seldom	seldom	seldom
members	member+s	member+s
welcome	welcome	welcome
one	one	one
climate	climate	climate
cold	cold	cold
slipping	slipp+ing	slipp+ing
scar	scar	scar
damien	damien	damien
’re	’re	’re
little	little	little
talks	talk+s	talk+s
thing	thing	thing
months	month+s	month+s
keep	keep	keep
hold	hold	hold
once	once	once
ms.	ms.	ms+.
lying	ly+ing	ly+ing
less	less	less
capital	capital	capit+al
feel	feel	feel
video	video	video
mother	mother	mother
class	class	class
crying	cry+ing	cry+ing
said	sai+d	sai+d
come	come	come
control	control	control
fear	fear	fear
states	state+s	state+s
deal	deal	deal
solar	solar	sol+ar
james	james	jame+s
maybe	may+be	maybe
something	some+thing	some+thing
member	member	member
tongue	tongue	tongue
don't	do+n't	do+n't
idea	idea	idea
i.e.	i.e.	i.e+.
substance	substance	substance
noticed	notic+ed	notice+d
patriotic	patriot+ic	patr+iot+ic
government	govern+ment	govern+ment
employees	employee+s	employ+ee+s
mommy	momm+y	momm+y
breakdown	break+down	break+down
brought	brought	brought
guess	guess	guess
mayor	mayor	mayor
tensions	tens+ion+s	tens+ion+s
nile	nile	nile
like	like	like
junior	junior	junior
patience	patien+ce	patience
premature	pre+mature	pre+mature
lie	lie	lie
risks	risk+s	risk+s
firstly	first+ly	first+ly
rooms	room+s	room+s
its	its	its
die	die	die
bath	bath	bath
process	process	pro+cess
ronald	ronald	ronald
talked	talk+ed	talk+ed
give	give	give
growled	growl+ed	growl+ed
than	than	than
very	very	very
drunk	drunk	drunk
voice	voice	voice
closing	clos+ing	clos+ing
tommy	tomm+y	tommy
their	their	their
grows	grow+s	grow+s
neville	neville	neville
city	city	city
hierarchy	hierarchy	hier+arch+y
also	also	also
secure	secure	secure
prefer	prefer	prefer
where	where	where
were	were	were
analysed	analys+ed	analyse+d
talking	talk+ing	talk+ing
why's	why+'s	why+'s
checks	check+s	check+s
updating	up+dat+ing	up+dat+ing
security	secur+ity	secur+ity
nature	nature	nature
indifference	in+differ+en+ce	in+differ+ence
deadline	dead+line	dead+line
fire	fire	fire
beam	beam	beam
should	should	should
calling	call+ing	call+ing
patterns	pattern+s	pattern+s
clock	clock	clock
recitals	recit+al+s	re+cit+al+s
put	put	put
bring	bring	bring
love	love	love
over	over	over
drink	drink	drink
today	to+day	to+day
stops	stop+s	stop+s
john	john	john
lizzie	lizz+ie	lizzie
best	best	best
dial	dial	dial
i've	i+'ve	i+'ve
expected	expect+ed	expect+ed
particular	part+icul+ar	particul+ar
crack	crack	crack
buddy	buddy	buddy
telescope	tele+scope	tele+scope
political	politic+al	politic+al
same	same	same
adventure	adventure	advent+ure
got	got	got
go	go	go
wanna	wanna	wanna
candle	candle	candle
uncle	uncle	uncle
can't	can+'t	ca+n't
have	have	have
exposed	expos+ed	ex+pose+d
thank	thank	thank
drill	drill	drill
ron	ron	ron
those	those	those
